﻿Group;Merchant;Login ID;Member ID;Date;Type;Pay Method;Currency;Amount;Fee;Ticket #;Status;Approval Remark
RP1M (G109);RP1M (161);Nurdin29;39707@161;04/01/2026 00:17;Deposit;QRIS IM;IDR;151;0;779699605;Approved;
RP1M (G109);RP1M (161);Nurdin29;39707@161;04/01/2026 00:34;Deposit;QRIS IM;IDR;100;0;779711719;Approved;
RP1M (G109);RP1M (161);Rehan999;26363@161;04/01/2026 00:40;Deposit;QRIS IM;IDR;300;0;779715594;Approved;
RP1M (G109);RP1M (161);Nurdin29;39707@161;04/01/2026 00:55;Deposit;QRIS IM;IDR;100;0;779726020;Approved;
RP1M (G109);RP1M (161);Deni251293;43165@161;04/01/2026 01:17;Deposit;QRIS IM;IDR;40;0;779741363;Approved;
RP1M (G109);RP1M (161);Skybye23;24693@161;04/01/2026 02:19;Deposit;QRIS IM;IDR;500;0;779782947;Approved;
RP1M (G109);RP1M (161);Skybye23;24693@161;04/01/2026 02:28;Deposit;QRIS IM;IDR;1000;0;779788356;Approved;
RP1M (G109);RP1M (161);miki888;17880@161;04/01/2026 02:57;Deposit;QRIS IM;IDR;9500;0;779805138;Approved;
RP1M (G109);RP1M (161);Kuaci123;37225@161;04/01/2026 03:28;Deposit;QRIS IM;IDR;100;0;779821224;Approved;
RP1M (G109);RP1M (161);Kuaci123;37225@161;04/01/2026 03:37;Deposit;QRIS IM;IDR;100;0;779825433;Approved;
RP1M (G109);RP1M (161);Kuaci123;37225@161;04/01/2026 04:06;Deposit;QRIS IM;IDR;100;0;779838355;Approved;
RP1M (G109);RP1M (161);miki888;17880@161;04/01/2026 07:06;Deposit;QRIS IM;IDR;6500;0;779890320;Approved;
RP1M (G109);RP1M (161);Skybye23;24693@161;04/01/2026 10:09;Deposit;QRIS IM;IDR;1500;0;779929252;Approved;
RP1M (G109);RP1M (161);Maju;42806@161;04/01/2026 11:38;Deposit;QRIS IM;IDR;50;0;779955869;Approved;
RP1M (G109);RP1M (161);Skybye23;24693@161;04/01/2026 11:48;Deposit;QRIS IM;IDR;2500;0;779959310;Approved;
RP1M (G109);RP1M (161);Maulana2000;42980@161;04/01/2026 11:57;Deposit;QRIS IM;IDR;25;0;779962257;Approved;
RP1M (G109);RP1M (161);miki888;17880@161;04/01/2026 12:46;Deposit;QRIS IM;IDR;3300;0;779979832;Approved;
RP1M (G109);RP1M (161);Lucky7;43111@161;04/01/2026 12:57;Deposit;QRIS IM;IDR;1000;0;779983852;Approved;
RP1M (G109);RP1M (161);Lucky7;43111@161;04/01/2026 14:13;Deposit;QRIS IM;IDR;500;0;780015662;Approved;
RP1M (G109);RP1M (161);abongjp;42574@161;04/01/2026 14:51;Deposit;QRIS IM;IDR;150;0;780031726;Approved;
RP1M (G109);RP1M (161);abongjp;42574@161;04/01/2026 14:58;Deposit;QRIS IM;IDR;100;0;780034949;Approved;
RP1M (G109);RP1M (161);Suhuslot99;25319@161;04/01/2026 15:29;Deposit;QRIS IM;IDR;29;0;780047744;Approved;
RP1M (G109);RP1M (161);Suhuslot99;25319@161;04/01/2026 15:38;Deposit;QRIS IM;IDR;50;0;780051634;Approved;
RP1M (G109);RP1M (161);jataintan;19067@161;04/01/2026 15:44;Deposit;QRIS IM;IDR;1000;0;780054455;Approved;
RP1M (G109);RP1M (161);jataintan;19067@161;04/01/2026 15:52;Deposit;QRIS IM;IDR;500;0;780058018;Approved;
RP1M (G109);RP1M (161);jataintan;19067@161;04/01/2026 15:58;Deposit;QRIS IM;IDR;1000;0;780060687;Approved;
RP1M (G109);RP1M (161);Lucky7;43111@161;04/01/2026 16:02;Deposit;QRIS IM;IDR;500;0;780062481;Approved;
RP1M (G109);RP1M (161);Yuki27;42930@161;04/01/2026 16:09;Deposit;QRIS IM;IDR;330;0;780065173;Approved;
RP1M (G109);RP1M (161);Yuki27;42930@161;04/01/2026 16:10;Deposit;QRIS IM;IDR;400;0;780065893;Approved;
RP1M (G109);RP1M (161);abongjp;42574@161;04/01/2026 16:33;Deposit;QRIS IM;IDR;200;0;780076339;Approved;
RP1M (G109);RP1M (161);jataintan;19067@161;04/01/2026 17:21;Deposit;QRIS IM;IDR;500;0;780097942;Approved;
RP1M (G109);RP1M (161);abongjp;42574@161;04/01/2026 18:05;Deposit;QRIS IM;IDR;100;0;780118637;Approved;
RP1M (G109);RP1M (161);Deni251293;43165@161;04/01/2026 19:55;Deposit;QRIS IM;IDR;25;0;780173772;Approved;
RP1M (G109);RP1M (161);jataintan;19067@161;04/01/2026 20:59;Deposit;QRIS IM;IDR;1000;0;780207049;Approved;
RP1M (G109);RP1M (161);Yuki27;42930@161;04/01/2026 21:26;Deposit;QRIS IM;IDR;400;0;780221764;Approved;
RP1M (G109);RP1M (161);Yuki27;42930@161;04/01/2026 21:30;Deposit;QRIS IM;IDR;500;0;780224019;Approved;
RP1M (G109);RP1M (161);Yuki27;42930@161;04/01/2026 21:33;Deposit;QRIS IM;IDR;500;0;780226099;Approved;
RP1M (G109);RP1M (161);Yuki27;42930@161;04/01/2026 21:36;Deposit;QRIS IM;IDR;600;0;780227903;Approved;
RP1M (G109);RP1M (161);jataintan;19067@161;04/01/2026 21:49;Deposit;QRIS IM;IDR;500;0;780234986;Approved;
RP1M (G109);RP1M (161);Yuki27;42930@161;04/01/2026 21:52;Deposit;QRIS IM;IDR;600;0;780236758;Approved;
RP1M (G109);RP1M (161);Lucky7;43111@161;04/01/2026 22:06;Deposit;QRIS IM;IDR;410;0;780245612;Approved;
RP1M (G109);RP1M (161);Yuki27;42930@161;04/01/2026 22:06;Deposit;QRIS IM;IDR;400;0;780245968;Approved;
RP1M (G109);RP1M (161);solo888;43166@161;04/01/2026 23:51;Deposit;QRIS IM;IDR;200;0;780316395;Approved;
RP1M (G109);RP1M (161);solo888;43166@161;04/01/2026 23:52;Deposit;QRIS IM;IDR;1800;0;780317134;Approved;
RP1M (G109);RP1M (161);Skybye23;24693@161;04/02/2026 00:00;Deposit;QRIS IM;IDR;1000;0;780322701;Approved;
RP1M (G109);RP1M (161);Skybye23;24693@161;04/02/2026 00:24;Deposit;QRIS IM;IDR;2500;0;780339670;Approved;
RP1M (G109);RP1M (161);Deni251293;43165@161;04/02/2026 01:10;Deposit;QRIS IM;IDR;25;0;780373794;Approved;
RP1M (G109);RP1M (161);Steven86;25220@161;04/02/2026 01:16;Deposit;QRIS IM;IDR;40;0;780377831;Approved;
RP1M (G109);RP1M (161);Deni251293;43165@161;04/02/2026 01:44;Deposit;QRIS IM;IDR;25;0;780397309;Approved;
RP1M (G109);RP1M (161);Deni251293;43165@161;04/02/2026 02:09;Deposit;QRIS IM;IDR;25;0;780414216;Approved;
RP1M (G109);RP1M (161);lindamy02;38400@161;04/02/2026 02:11;Deposit;QRIS IM;IDR;50;0;780415391;Approved;
RP1M (G109);RP1M (161);G4tok;42043@161;04/02/2026 02:24;Deposit;QRIS IM;IDR;30;0;780423901;Approved;
RP1M (G109);RP1M (161);Hoki10;35419@161;04/02/2026 02:30;Deposit;QRIS IM;IDR;200;0;780427762;Approved;
RP1M (G109);RP1M (161);Boyyu41;43015@161;04/02/2026 02:34;Deposit;QRIS IM;IDR;50;0;780430169;Approved;
RP1M (G109);RP1M (161);Boyyu41;43015@161;04/02/2026 02:42;Deposit;QRIS IM;IDR;100;0;780434938;Approved;
RP1M (G109);RP1M (161);Jhoker86;43062@161;04/02/2026 04:09;Deposit;QRIS IM;IDR;30;0;780479257;Approved;
RP1M (G109);RP1M (161);miki888;17880@161;04/02/2026 04:52;Deposit;QRIS IM;IDR;9500;0;780495850;Approved;
RP1M (G109);RP1M (161);ERIKSUDARTa;25225@161;04/02/2026 06:20;Deposit;QRIS IM;IDR;440;0;780520913;Approved;
RP1M (G109);RP1M (161);Yuki27;42930@161;04/02/2026 07:33;Deposit;QRIS IM;IDR;500;0;780536222;Approved;
RP1M (G109);RP1M (161);Yuki27;42930@161;04/02/2026 07:35;Deposit;QRIS IM;IDR;500;0;780536778;Approved;
RP1M (G109);RP1M (161);Yuki27;42930@161;04/02/2026 07:39;Deposit;QRIS IM;IDR;1000;0;780537508;Approved;
RP1M (G109);RP1M (161);Yuki27;42930@161;04/02/2026 07:45;Deposit;QRIS IM;IDR;1000;0;780538636;Approved;
RP1M (G109);RP1M (161);Yuki27;42930@161;04/02/2026 07:46;Deposit;QRIS IM;IDR;1000;0;780538960;Approved;
RP1M (G109);RP1M (161);Yuki27;42930@161;04/02/2026 07:50;Deposit;QRIS IM;IDR;1000;0;780539646;Approved;
RP1M (G109);RP1M (161);Boyyu41;43015@161;04/02/2026 08:19;Deposit;QRIS IM;IDR;70;0;780545955;Approved;
RP1M (G109);RP1M (161);Lucky7;43111@161;04/02/2026 09:52;Deposit;QRIS IM;IDR;1000;0;780569118;Approved;
RP1M (G109);RP1M (161);Steven86;25220@161;04/02/2026 10:05;Deposit;QRIS IM;IDR;50;0;780572967;Approved;
RP1M (G109);RP1M (161);Skybye23;24693@161;04/02/2026 10:11;Deposit;QRIS IM;IDR;1000;0;780574728;Approved;
RP1M (G109);RP1M (161);Skybye23;24693@161;04/02/2026 10:22;Deposit;QRIS IM;IDR;2500;0;780577931;Approved;
RP1M (G109);RP1M (161);Skybye23;24693@161;04/02/2026 10:35;Deposit;QRIS IM;IDR;2500;0;780581847;Approved;
RP1M (G109);RP1M (161);Skybye23;24693@161;04/02/2026 10:50;Deposit;QRIS IM;IDR;3000;0;780586384;Approved;
RP1M (G109);RP1M (161);Skybye23;24693@161;04/02/2026 11:12;Deposit;QRIS IM;IDR;1500;0;780593294;Approved;
RP1M (G109);RP1M (161);Skybye23;24693@161;04/02/2026 11:17;Deposit;QRIS IM;IDR;2000;0;780594974;Approved;
RP1M (G109);RP1M (161);Lucky7;43111@161;04/02/2026 11:27;Deposit;QRIS IM;IDR;1000;0;780598314;Approved;
RP1M (G109);RP1M (161);solo888;43166@161;04/02/2026 12:18;Deposit;QRIS IM;IDR;2000;0;780616050;Approved;
RP1M (G109);RP1M (161);Skybye23;24693@161;04/02/2026 12:28;Deposit;QRIS IM;IDR;3000;0;780619948;Approved;
RP1M (G109);RP1M (161);Skybye23;24693@161;04/02/2026 12:36;Deposit;QRIS IM;IDR;3000;0;780622861;Approved;
RP1M (G109);RP1M (161);Hengki02;17222@161;04/02/2026 12:54;Deposit;QRIS IM;IDR;250;0;780629863;Approved;
RP1M (G109);RP1M (161);Hengki02;17222@161;04/02/2026 13:00;Deposit;QRIS IM;IDR;250;0;780631933;Approved;
RP1M (G109);RP1M (161);jataintan;19067@161;04/02/2026 13:05;Deposit;QRIS IM;IDR;500;0;780634052;Approved;
RP1M (G109);RP1M (161);miki888;17880@161;04/02/2026 13:07;Deposit;QRIS IM;IDR;9500;0;780634941;Approved;
RP1M (G109);RP1M (161);Suhuslot99;25319@161;04/02/2026 13:18;Deposit;QRIS IM;IDR;50;0;780639406;Approved;
RP1M (G109);RP1M (161);maxwin8888;42046@161;04/02/2026 13:53;Deposit;QRIS IM;IDR;60;0;780654125;Approved;
RP1M (G109);RP1M (161);maxwin8888;42046@161;04/02/2026 14:01;Deposit;QRIS IM;IDR;40;0;780657552;Approved;
RP1M (G109);RP1M (161);Lucky7;43111@161;04/02/2026 14:32;Deposit;QRIS IM;IDR;1000;0;780670490;Approved;
RP1M (G109);RP1M (161);Cumicumi99;41074@161;04/02/2026 14:37;Deposit;QRIS IM;IDR;50;0;780672463;Approved;
RP1M (G109);RP1M (161);jataintan;19067@161;04/02/2026 15:34;Deposit;QRIS IM;IDR;500;0;780696342;Approved;
RP1M (G109);RP1M (161);Suhuslot99;25319@161;04/02/2026 16:38;Deposit;QRIS IM;IDR;50;0;780724284;Approved;
RP1M (G109);RP1M (161);Suhuslot99;25319@161;04/02/2026 16:41;Deposit;QRIS IM;IDR;50;0;780725719;Approved;
RP1M (G109);RP1M (161);Lucky7;43111@161;04/02/2026 17:20;Deposit;QRIS IM;IDR;700;0;780742802;Approved;
RP1M (G109);RP1M (161);Irwan1708;41962@161;04/02/2026 17:29;Deposit;QRIS IM;IDR;100;0;780746889;Approved;
RP1M (G109);RP1M (161);Irwan1708;41962@161;04/02/2026 18:00;Deposit;QRIS IM;IDR;100;0;780760735;Approved;
RP1M (G109);RP1M (161);Nurfadilah;41137@161;04/02/2026 18:12;Deposit;QRIS IM;IDR;28;0;780766178;Approved;
RP1M (G109);RP1M (161);Bil1ay;29782@161;04/02/2026 18:22;Deposit;QRIS IM;IDR;195;0;780770907;Approved;
RP1M (G109);RP1M (161);Lucky7;43111@161;04/02/2026 18:22;Deposit;QRIS IM;IDR;600;0;780770922;Approved;
RP1M (G109);RP1M (161);Irwan1708;41962@161;04/02/2026 18:24;Deposit;QRIS IM;IDR;75;0;780771600;Approved;
RP1M (G109);RP1M (161);Cumicumi99;41074@161;04/02/2026 18:50;Deposit;QRIS IM;IDR;100;0;780783452;Approved;
RP1M (G109);RP1M (161);Agung2002;42720@161;04/02/2026 20:19;Deposit;QRIS IM;IDR;37;0;780827225;Approved;
RP1M (G109);RP1M (161);maxwin8888;42046@161;04/02/2026 21:09;Deposit;QRIS IM;IDR;40;0;780853280;Approved;
RP1M (G109);RP1M (161);maxwin8888;42046@161;04/02/2026 21:17;Deposit;QRIS IM;IDR;40;0;780858027;Approved;
RP1M (G109);RP1M (161);Irwan1708;41962@161;04/02/2026 21:23;Deposit;QRIS IM;IDR;95;0;780861196;Approved;
RP1M (G109);RP1M (161);Irwan1708;41962@161;04/02/2026 22:04;Deposit;QRIS IM;IDR;100;0;780885040;Approved;
RP1M (G109);RP1M (161);Situsandalan;43168@161;04/02/2026 22:27;Deposit;QRIS IM;IDR;25;0;780898915;Approved;
RP1M (G109);RP1M (161);Irwan1708;41962@161;04/02/2026 22:27;Deposit;QRIS IM;IDR;100;0;780898992;Approved;
RP1M (G109);RP1M (161);Irwan1708;41962@161;04/02/2026 23:05;Deposit;QRIS IM;IDR;100;0;780924154;Approved;
RP1M (G109);RP1M (161);ERIKSUDARTa;25225@161;04/02/2026 23:12;Deposit;QRIS IM;IDR;250;0;780928682;Approved;
RP1M (G109);RP1M (161);Irwan1708;41962@161;04/02/2026 23:22;Deposit;QRIS IM;IDR;100;0;780935982;Approved;
RP1M (G109);RP1M (161);SinzerGear;34975@161;04/03/2026 00:08;Deposit;QRIS IM;IDR;95;0;780968274;Approved;
RP1M (G109);RP1M (161);Irwan1708;41962@161;04/03/2026 00:13;Deposit;QRIS IM;IDR;100;0;780972176;Approved;
RP1M (G109);RP1M (161);Yuki27;42930@161;04/03/2026 01:31;Deposit;QRIS IM;IDR;500;0;781028644;Approved;
RP1M (G109);RP1M (161);Yuki27;42930@161;04/03/2026 04:11;Deposit;QRIS IM;IDR;350;0;781122967;Approved;
RP1M (G109);RP1M (161);Yuki27;42930@161;04/03/2026 04:16;Deposit;QRIS IM;IDR;500;0;781125114;Approved;
RP1M (G109);RP1M (161);Yuki27;42930@161;04/03/2026 04:18;Deposit;QRIS IM;IDR;1000;0;781126061;Approved;
RP1M (G109);RP1M (161);malikadel;43154@161;04/03/2026 05:09;Deposit;QRIS IM;IDR;100;0;781145489;Approved;
RP1M (G109);RP1M (161);miki888;17880@161;04/03/2026 05:53;Deposit;QRIS IM;IDR;9500;0;781159280;Approved;
RP1M (G109);RP1M (161);Yuki27;42930@161;04/03/2026 08:20;Deposit;QRIS IM;IDR;500;0;781190462;Approved;
RP1M (G109);RP1M (161);Yuki27;42930@161;04/03/2026 08:35;Deposit;QRIS IM;IDR;500;0;781193600;Approved;
RP1M (G109);RP1M (161);Yuki27;42930@161;04/03/2026 08:45;Deposit;QRIS IM;IDR;500;0;781195626;Approved;
RP1M (G109);RP1M (161);Yuki27;42930@161;04/03/2026 08:47;Deposit;QRIS IM;IDR;500;0;781196072;Approved;
RP1M (G109);RP1M (161);Yuki27;42930@161;04/03/2026 08:49;Deposit;QRIS IM;IDR;1000;0;781196458;Approved;
RP1M (G109);RP1M (161);Yuki27;42930@161;04/03/2026 08:52;Deposit;QRIS IM;IDR;1000;0;781197098;Approved;
RP1M (G109);RP1M (161);Yuki27;42930@161;04/03/2026 09:00;Deposit;QRIS IM;IDR;500;0;781198746;Approved;
RP1M (G109);RP1M (161);Yuki27;42930@161;04/03/2026 09:02;Deposit;QRIS IM;IDR;500;0;781199087;Approved;
RP1M (G109);RP1M (161);Yuki27;42930@161;04/03/2026 09:54;Deposit;QRIS IM;IDR;500;0;781211050;Approved;
RP1M (G109);RP1M (161);Yuki27;42930@161;04/03/2026 10:01;Deposit;QRIS IM;IDR;500;0;781212988;Approved;
RP1M (G109);RP1M (161);Skybye23;24693@161;04/03/2026 11:23;Deposit;QRIS IM;IDR;500;0;781235970;Approved;
RP1M (G109);RP1M (161);Lucy1234;41996@161;04/03/2026 11:36;Deposit;QRIS IM;IDR;300;0;781240257;Approved;
RP1M (G109);RP1M (161);Skybye23;24693@161;04/03/2026 11:43;Deposit;QRIS IM;IDR;1500;0;781242504;Approved;
RP1M (G109);RP1M (161);Skybye23;24693@161;04/03/2026 12:00;Deposit;QRIS IM;IDR;2000;0;781248123;Approved;
RP1M (G109);RP1M (161);Maju;42806@161;04/03/2026 12:16;Deposit;QRIS IM;IDR;50;0;781253798;Approved;
RP1M (G109);RP1M (161);miki888;17880@161;04/03/2026 12:52;Deposit;QRIS IM;IDR;9500;0;781267019;Approved;
RP1M (G109);RP1M (161);Skybye23;24693@161;04/03/2026 13:01;Deposit;QRIS IM;IDR;2000;0;781270435;Approved;
RP1M (G109);RP1M (161);jataintan;19067@161;04/03/2026 13:11;Deposit;QRIS IM;IDR;1000;0;781274713;Approved;
RP1M (G109);RP1M (161);Skybye23;24693@161;04/03/2026 13:23;Deposit;QRIS IM;IDR;2500;0;781279212;Approved;
RP1M (G109);RP1M (161);Skybye23;24693@161;04/03/2026 13:29;Deposit;QRIS IM;IDR;1500;0;781281745;Approved;
RP1M (G109);RP1M (161);Skybye23;24693@161;04/03/2026 13:44;Deposit;QRIS IM;IDR;1200;0;781287861;Approved;
RP1M (G109);RP1M (161);Skybye23;24693@161;04/03/2026 15:49;Deposit;QRIS IM;IDR;1400;0;781337376;Approved;
RP1M (G109);RP1M (161);Skybye23;24693@161;04/03/2026 15:58;Deposit;QRIS IM;IDR;2000;0;781341076;Approved;
RP1M (G109);RP1M (161);Skybye23;24693@161;04/03/2026 16:05;Deposit;QRIS IM;IDR;2500;0;781343793;Approved;
RP1M (G109);RP1M (161);Skybye23;24693@161;04/03/2026 16:13;Deposit;QRIS IM;IDR;1500;0;781347280;Approved;
RP1M (G109);RP1M (161);Maju;42806@161;04/03/2026 16:28;Deposit;QRIS IM;IDR;50;0;781353486;Approved;
RP1M (G109);RP1M (161);Sarok123;38093@161;04/03/2026 16:33;Deposit;QRIS IM;IDR;99;0;781355407;Approved;
RP1M (G109);RP1M (161);Skybye23;24693@161;04/03/2026 16:48;Deposit;QRIS IM;IDR;300;0;781361503;Approved;
RP1M (G109);RP1M (161);Sarok123;38093@161;04/03/2026 17:11;Deposit;QRIS IM;IDR;99;0;781371254;Approved;
RP1M (G109);RP1M (161);Bolenk01;42435@161;04/03/2026 17:16;Deposit;QRIS IM;IDR;145;0;781373041;Approved;
RP1M (G109);RP1M (161);Sarok123;38093@161;04/03/2026 17:16;Deposit;QRIS IM;IDR;99;0;781373390;Approved;
RP1M (G109);RP1M (161);Cumicumi99;41074@161;04/03/2026 17:59;Deposit;QRIS IM;IDR;100;0;781391437;Approved;
RP1M (G109);RP1M (161);Nurfadilah;41137@161;04/03/2026 19:28;Deposit;QRIS IM;IDR;50;0;781429987;Approved;
RP1M (G109);RP1M (161);Nurfadilah;41137@161;04/03/2026 19:47;Deposit;QRIS IM;IDR;50;0;781438902;Approved;
RP1M (G109);RP1M (161);Bustomi11093;21065@161;04/03/2026 20:28;Deposit;QRIS IM;IDR;300;0;781457514;Approved;
RP1M (G109);RP1M (161);Nurfadilah;41137@161;04/03/2026 21:47;Deposit;QRIS IM;IDR;35;0;781497498;Approved;
RP1M (G109);RP1M (161);Cumicumi99;41074@161;04/03/2026 21:52;Deposit;QRIS IM;IDR;35;0;781500275;Approved;
RP1M (G109);RP1M (161);Bustomi11093;21065@161;04/03/2026 22:04;Deposit;QRIS IM;IDR;300;0;781506896;Approved;
RP1M (G109);RP1M (161);miki888;17880@161;04/03/2026 22:55;Deposit;QRIS IM;IDR;500;0;781536742;Approved;
RP1M (G109);RP1M (161);Bustomi11093;21065@161;04/03/2026 22:58;Deposit;QRIS IM;IDR;1000;0;781538991;Approved;
RP1M (G109);RP1M (161);G4tok;42043@161;04/03/2026 23:00;Deposit;QRIS IM;IDR;30;0;781540169;Approved;
RP1M (G109);RP1M (161);jataintan;19067@161;04/04/2026 00:00;Deposit;QRIS IM;IDR;1000;0;781578301;Approved;
RP1M (G109);RP1M (161);andha11;41805@161;04/04/2026 00:50;Deposit;QRIS IM;IDR;200;0;781612255;Approved;
RP1M (G109);RP1M (161);jataintan;19067@161;04/04/2026 01:05;Deposit;QRIS IM;IDR;1000;0;781622058;Approved;
RP1M (G109);RP1M (161);jataintan;19067@161;04/04/2026 01:16;Deposit;QRIS IM;IDR;1000;0;781629150;Approved;
RP1M (G109);RP1M (161);Nurfadilah;41137@161;04/04/2026 02:46;Deposit;QRIS IM;IDR;34;0;781684817;Approved;
RP1M (G109);RP1M (161);Boyyu41;43015@161;04/04/2026 03:14;Deposit;QRIS IM;IDR;50;0;781699017;Approved;
RP1M (G109);RP1M (161);Boyyu41;43015@161;04/04/2026 03:19;Deposit;QRIS IM;IDR;70;0;781701682;Approved;
RP1M (G109);RP1M (161);Ajijaya55;32580@161;04/04/2026 03:25;Deposit;QRIS IM;IDR;50;0;781704628;Approved;
RP1M (G109);RP1M (161);miki888;17880@161;04/04/2026 03:30;Deposit;QRIS IM;IDR;9500;0;781707147;Approved;
RP1M (G109);RP1M (161);miki888;17880@161;04/04/2026 08:40;Deposit;QRIS IM;IDR;3500;0;781788941;Approved;
RP1M (G109);RP1M (161);jataintan;19067@161;04/04/2026 09:32;Deposit;QRIS IM;IDR;1000;0;781799717;Approved;
RP1M (G109);RP1M (161);jataintan;19067@161;04/04/2026 09:38;Deposit;QRIS IM;IDR;1000;0;781801064;Approved;
RP1M (G109);RP1M (161);lindamy02;38400@161;04/04/2026 10:08;Deposit;QRIS IM;IDR;107;0;781807953;Approved;
RP1M (G109);RP1M (161);jataintan;19067@161;04/04/2026 10:30;Deposit;QRIS IM;IDR;1000;0;781813500;Approved;
RP1M (G109);RP1M (161);lindamy02;38400@161;04/04/2026 10:49;Deposit;QRIS IM;IDR;100;0;781818500;Approved;
RP1M (G109);RP1M (161);jataintan;19067@161;04/04/2026 11:02;Deposit;QRIS IM;IDR;1000;0;781821903;Approved;
RP1M (G109);RP1M (161);jataintan;19067@161;04/04/2026 11:08;Deposit;QRIS IM;IDR;1000;0;781823719;Approved;
RP1M (G109);RP1M (161);lindamy02;38400@161;04/04/2026 11:09;Deposit;QRIS IM;IDR;100;0;781824090;Approved;
RP1M (G109);RP1M (161);jataintan;19067@161;04/04/2026 11:31;Deposit;QRIS IM;IDR;1000;0;781830303;Approved;
RP1M (G109);RP1M (161);Adit;38141@161;04/04/2026 11:31;Deposit;QRIS IM;IDR;100;0;781830391;Approved;
RP1M (G109);RP1M (161);jataintan;19067@161;04/04/2026 11:57;Deposit;QRIS IM;IDR;1000;0;781838112;Approved;
RP1M (G109);RP1M (161);jataintan;19067@161;04/04/2026 12:15;Deposit;QRIS IM;IDR;1000;0;781843887;Approved;
RP1M (G109);RP1M (161);Kuaci123;37225@161;04/04/2026 12:19;Deposit;QRIS IM;IDR;100;0;781845136;Approved;
RP1M (G109);RP1M (161);Ajijaya55;32580@161;04/04/2026 12:20;Deposit;QRIS IM;IDR;25;0;781845655;Approved;
RP1M (G109);RP1M (161);Semarang888;43170@161;04/04/2026 12:48;Deposit;QRIS IM;IDR;200;0;781855019;Approved;
RP1M (G109);RP1M (161);ERIKSUDARTa;25225@161;04/04/2026 13:41;Deposit;QRIS IM;IDR;514;0;781874801;Approved;
RP1M (G109);RP1M (161);jataintan;19067@161;04/04/2026 14:02;Deposit;QRIS IM;IDR;1000;0;781882817;Approved;
RP1M (G109);RP1M (161);Suhuslot99;25319@161;04/04/2026 14:38;Deposit;QRIS IM;IDR;50;0;781896764;Approved;
RP1M (G109);RP1M (161);Suhuslot99;25319@161;04/04/2026 14:49;Deposit;QRIS IM;IDR;50;0;781901009;Approved;
RP1M (G109);RP1M (161);jataintan;19067@161;04/04/2026 14:57;Deposit;QRIS IM;IDR;1000;0;781904375;Approved;
RP1M (G109);RP1M (161);jataintan;19067@161;04/04/2026 15:03;Deposit;QRIS IM;IDR;1000;0;781906586;Approved;
RP1M (G109);RP1M (161);jataintan;19067@161;04/04/2026 15:22;Deposit;QRIS IM;IDR;1000;0;781914336;Approved;
RP1M (G109);RP1M (161);lindamy02;38400@161;04/04/2026 15:27;Deposit;QRIS IM;IDR;100;0;781916081;Approved;
RP1M (G109);RP1M (161);jataintan;19067@161;04/04/2026 15:30;Deposit;QRIS IM;IDR;1000;0;781917471;Approved;
RP1M (G109);RP1M (161);jataintan;19067@161;04/04/2026 15:33;Deposit;QRIS IM;IDR;1500;0;781918579;Approved;
RP1M (G109);RP1M (161);jataintan;19067@161;04/04/2026 15:38;Deposit;QRIS IM;IDR;500;0;781920568;Approved;
RP1M (G109);RP1M (161);Suhuslot99;25319@161;04/04/2026 15:38;Deposit;QRIS IM;IDR;50;0;781920886;Approved;
RP1M (G109);RP1M (161);Suhuslot99;25319@161;04/04/2026 15:43;Deposit;QRIS IM;IDR;50;0;781922816;Approved;
RP1M (G109);RP1M (161);Suhuslot99;25319@161;04/04/2026 15:46;Deposit;QRIS IM;IDR;100;0;781923914;Approved;
RP1M (G109);RP1M (161);Suhuslot99;25319@161;04/04/2026 15:50;Deposit;QRIS IM;IDR;50;0;781925865;Approved;
RP1M (G109);RP1M (161);jataintan;19067@161;04/04/2026 15:51;Deposit;QRIS IM;IDR;1000;0;781926163;Approved;
RP1M (G109);RP1M (161);Suhuslot99;25319@161;04/04/2026 15:58;Deposit;QRIS IM;IDR;50;0;781928866;Approved;
RP1M (G109);RP1M (161);jataintan;19067@161;04/04/2026 16:12;Deposit;QRIS IM;IDR;1000;0;781934753;Approved;
RP1M (G109);RP1M (161);jataintan;19067@161;04/04/2026 16:15;Deposit;QRIS IM;IDR;1000;0;781935960;Approved;
RP1M (G109);RP1M (161);Suhuslot99;25319@161;04/04/2026 16:18;Deposit;QRIS IM;IDR;39;0;781937055;Approved;
RP1M (G109);RP1M (161);Suhuslot99;25319@161;04/04/2026 16:22;Deposit;QRIS IM;IDR;50;0;781938829;Approved;
RP1M (G109);RP1M (161);jataintan;19067@161;04/04/2026 16:46;Deposit;QRIS IM;IDR;1000;0;781948797;Approved;
RP1M (G109);RP1M (161);Irwan1708;41962@161;04/04/2026 17:13;Deposit;QRIS IM;IDR;100;0;781959590;Approved;
RP1M (G109);RP1M (161);miki888;17880@161;04/04/2026 18:24;Deposit;QRIS IM;IDR;1100;0;781989370;Approved;
RP1M (G109);RP1M (161);Maju;42806@161;04/04/2026 18:28;Deposit;QRIS IM;IDR;50;0;781991135;Approved;
RP1M (G109);RP1M (161);Smlehele14;30968@161;04/04/2026 18:49;Deposit;QRIS IM;IDR;150;0;782000593;Approved;
RP1M (G109);RP1M (161);lindamy02;38400@161;04/04/2026 20:25;Deposit;QRIS IM;IDR;100;0;782045067;Approved;
RP1M (G109);RP1M (161);Hoki10;35419@161;04/04/2026 20:48;Deposit;QRIS IM;IDR;150;0;782055840;Approved;
RP1M (G109);RP1M (161);Cumicumi99;41074@161;04/04/2026 21:39;Deposit;QRIS IM;IDR;100;0;782082282;Approved;
RP1M (G109);RP1M (161);jataintan;19067@161;04/04/2026 22:21;Deposit;QRIS IM;IDR;1000;0;782106210;Approved;
RP1M (G109);RP1M (161);miki888;17880@161;04/04/2026 22:32;Deposit;QRIS IM;IDR;180;0;782113133;Approved;
RP1M (G109);RP1M (161);Cumicumi99;41074@161;04/04/2026 22:36;Deposit;QRIS IM;IDR;100;0;782115543;Approved;
RP1M (G109);RP1M (161);XANTTT53;42167@161;04/04/2026 22:46;Deposit;QRIS IM;IDR;30;0;782122013;Approved;
RP1M (G109);RP1M (161);Cumicumi99;41074@161;04/04/2026 22:48;Deposit;QRIS IM;IDR;100;0;782123184;Approved;
RP1M (G109);RP1M (161);jataintan;19067@161;04/04/2026 23:08;Deposit;QRIS IM;IDR;700;0;782135871;Approved;
RP1M (G109);RP1M (161);jataintan;19067@161;04/04/2026 23:23;Deposit;QRIS IM;IDR;1000;0;782146470;Approved;
RP1M (G109);RP1M (161);Cumicumi99;41074@161;04/04/2026 23:28;Deposit;QRIS IM;IDR;100;0;782149962;Approved;
RP1M (G109);RP1M (161);Cumicumi99;41074@161;04/04/2026 23:43;Deposit;QRIS IM;IDR;30;0;782160050;Approved;
RP1M (G109);RP1M (161);ERIKSUDARTa;25225@161;04/04/2026 23:44;Deposit;QRIS IM;IDR;500;0;782160872;Approved;
RP1M (G109);RP1M (161);Cumicumi99;41074@161;04/05/2026 00:20;Deposit;QRIS IM;IDR;100;0;782186328;Approved;
RP1M (G109);RP1M (161);Kuaci123;37225@161;04/05/2026 00:25;Deposit;QRIS IM;IDR;100;0;782189570;Approved;
RP1M (G109);RP1M (161);Cumicumi99;41074@161;04/05/2026 00:45;Deposit;QRIS IM;IDR;100;0;782204479;Approved;
RP1M (G109);RP1M (161);Dfamilia;43172@161;04/05/2026 00:51;Deposit;QRIS IM;IDR;50;0;782208234;Approved;
RP1M (G109);RP1M (161);Sarok123;38093@161;04/05/2026 00:51;Deposit;QRIS IM;IDR;99;0;782208758;Approved;
RP1M (G109);RP1M (161);Sarok123;38093@161;04/05/2026 01:04;Deposit;QRIS IM;IDR;99;0;782217916;Approved;
RP1M (G109);RP1M (161);Rehan999;26363@161;04/05/2026 01:47;Deposit;QRIS IM;IDR;500;0;782247820;Approved;
RP1M (G109);RP1M (161);Bustomi11093;21065@161;04/05/2026 01:50;Deposit;QRIS IM;IDR;1200;0;782249914;Approved;
RP1M (G109);RP1M (161);Cumicumi99;41074@161;04/05/2026 01:55;Deposit;QRIS IM;IDR;200;0;782253052;Approved;
RP1M (G109);RP1M (161);Bustomi11093;21065@161;04/05/2026 01:58;Deposit;QRIS IM;IDR;1200;0;782255155;Approved;
RP1M (G109);RP1M (161);Cumicumi99;41074@161;04/05/2026 02:02;Deposit;QRIS IM;IDR;100;0;782257769;Approved;
RP1M (G109);RP1M (161);Cumicumi99;41074@161;04/05/2026 02:05;Deposit;QRIS IM;IDR;100;0;782260055;Approved;
RP1M (G109);RP1M (161);Cumicumi99;41074@161;04/05/2026 02:15;Deposit;QRIS IM;IDR;100;0;782266414;Approved;
RP1M (G109);RP1M (161);Cumicumi99;41074@161;04/05/2026 02:19;Deposit;QRIS IM;IDR;100;0;782269534;Approved;
RP1M (G109);RP1M (161);Cumicumi99;41074@161;04/05/2026 02:38;Deposit;QRIS IM;IDR;200;0;782281615;Approved;
RP1M (G109);RP1M (161);everydin69;30527@161;04/05/2026 03:22;Deposit;QRIS IM;IDR;25;0;782307193;Approved;
RP1M (G109);RP1M (161);Yuki27;42930@161;04/05/2026 06:32;Deposit;QRIS IM;IDR;500;0;782377233;Approved;
RP1M (G109);RP1M (161);Yuki27;42930@161;04/05/2026 06:34;Deposit;QRIS IM;IDR;500;0;782377766;Approved;
RP1M (G109);RP1M (161);Yuki27;42930@161;04/05/2026 06:35;Deposit;QRIS IM;IDR;500;0;782377978;Approved;
RP1M (G109);RP1M (161);Yuki27;42930@161;04/05/2026 07:00;Deposit;QRIS IM;IDR;500;0;782383676;Approved;
RP1M (G109);RP1M (161);miki888;17880@161;04/05/2026 07:27;Deposit;QRIS IM;IDR;700;0;782389412;Approved;
RP1M (G109);RP1M (161);Yuki27;42930@161;04/05/2026 07:39;Deposit;QRIS IM;IDR;500;0;782392020;Approved;
RP1M (G109);RP1M (161);Yuki27;42930@161;04/05/2026 07:41;Deposit;QRIS IM;IDR;700;0;782392458;Approved;
RP1M (G109);RP1M (161);Yuki27;42930@161;04/05/2026 07:43;Deposit;QRIS IM;IDR;500;0;782392939;Approved;
RP1M (G109);RP1M (161);Yuki27;42930@161;04/05/2026 07:49;Deposit;QRIS IM;IDR;500;0;782394209;Approved;
RP1M (G109);RP1M (161);G4tok;42043@161;04/05/2026 09:54;Deposit;QRIS IM;IDR;32;0;782420322;Approved;
RP1M (G109);RP1M (161);XANTTT53;42167@161;04/05/2026 10:35;Deposit;QRIS IM;IDR;32;0;782430851;Approved;
RP1M (G109);RP1M (161);Maju;42806@161;04/05/2026 10:57;Deposit;QRIS IM;IDR;25;0;782436985;Approved;
RP1M (G109);RP1M (161);Cumicumi99;41074@161;04/05/2026 11:38;Deposit;QRIS IM;IDR;150;0;782449270;Approved;
RP1M (G109);RP1M (161);Cumicumi99;41074@161;04/05/2026 12:11;Deposit;QRIS IM;IDR;100;0;782460146;Approved;
RP1M (G109);RP1M (161);Cumicumi99;41074@161;04/05/2026 12:17;Deposit;QRIS IM;IDR;100;0;782462118;Approved;
RP1M (G109);RP1M (161);Kangkung;20837@161;04/05/2026 12:55;Deposit;QRIS IM;IDR;1000;0;782475391;Approved;
RP1M (G109);RP1M (161);Yuki27;42930@161;04/05/2026 13:05;Deposit;QRIS IM;IDR;440;0;782478720;Approved;
RP1M (G109);RP1M (161);Yuki27;42930@161;04/05/2026 13:10;Deposit;QRIS IM;IDR;500;0;782480699;Approved;
RP1M (G109);RP1M (161);Yuki27;42930@161;04/05/2026 13:12;Deposit;QRIS IM;IDR;500;0;782481567;Approved;
RP1M (G109);RP1M (161);Yuki27;42930@161;04/05/2026 13:14;Deposit;QRIS IM;IDR;1000;0;782482086;Approved;
RP1M (G109);RP1M (161);Yuki27;42930@161;04/05/2026 13:15;Deposit;QRIS IM;IDR;1000;0;782482727;Approved;
RP1M (G109);RP1M (161);PhabloEscobar;38322@161;04/05/2026 13:17;Deposit;QRIS IM;IDR;50;0;782483481;Approved;
RP1M (G109);RP1M (161);Yuki27;42930@161;04/05/2026 13:18;Deposit;QRIS IM;IDR;1000;0;782483915;Approved;
RP1M (G109);RP1M (161);Boyyu41;43015@161;04/05/2026 15:37;Deposit;QRIS IM;IDR;50;0;782539627;Approved;
RP1M (G109);RP1M (161);lindamy02;38400@161;04/05/2026 15:54;Deposit;QRIS IM;IDR;100;0;782546779;Approved;
RP1M (G109);RP1M (161);Adit;38141@161;04/05/2026 17:21;Deposit;QRIS IM;IDR;90;0;782582912;Approved;
RP1M (G109);RP1M (161);Kuaci123;37225@161;04/05/2026 17:29;Deposit;QRIS IM;IDR;100;0;782586144;Approved;
RP1M (G109);RP1M (161);Kuaci123;37225@161;04/05/2026 17:38;Deposit;QRIS IM;IDR;100;0;782589597;Approved;
RP1M (G109);RP1M (161);Cumicumi99;41074@161;04/05/2026 17:45;Deposit;QRIS IM;IDR;90;0;782592843;Approved;
RP1M (G109);RP1M (161);XANTTT53;42167@161;04/05/2026 17:49;Deposit;QRIS IM;IDR;34;0;782594404;Approved;
RP1M (G109);RP1M (161);Cumicumi99;41074@161;04/05/2026 17:57;Deposit;QRIS IM;IDR;100;0;782597843;Approved;
RP1M (G109);RP1M (161);Cumicumi99;41074@161;04/05/2026 18:11;Deposit;QRIS IM;IDR;100;0;782603634;Approved;
RP1M (G109);RP1M (161);Cumicumi99;41074@161;04/05/2026 18:18;Deposit;QRIS IM;IDR;100;0;782606296;Approved;
RP1M (G109);RP1M (161);Cumicumi99;41074@161;04/05/2026 18:27;Deposit;QRIS IM;IDR;100;0;782610223;Approved;
RP1M (G109);RP1M (161);miki888;17880@161;04/05/2026 18:39;Deposit;QRIS IM;IDR;1800;0;782615372;Approved;
RP1M (G109);RP1M (161);Cumicumi99;41074@161;04/05/2026 19:06;Deposit;QRIS IM;IDR;195;0;782627250;Approved;
RP1M (G109);RP1M (161);jataintan;19067@161;04/05/2026 19:22;Deposit;QRIS IM;IDR;1000;0;782634450;Approved;
RP1M (G109);RP1M (161);Suhuslot99;25319@161;04/05/2026 19:24;Deposit;QRIS IM;IDR;64;0;782635402;Approved;
RP1M (G109);RP1M (161);Boyyu41;43015@161;04/05/2026 20:04;Deposit;QRIS IM;IDR;75;0;782653022;Approved;
RP1M (G109);RP1M (161);andha11;41805@161;04/05/2026 20:12;Deposit;QRIS IM;IDR;500;0;782656559;Approved;
RP1M (G109);RP1M (161);andha11;41805@161;04/05/2026 20:22;Deposit;QRIS IM;IDR;500;0;782661166;Approved;
RP1M (G109);RP1M (161);Maju;42806@161;04/05/2026 20:30;Deposit;QRIS IM;IDR;25;0;782664953;Approved;
RP1M (G109);RP1M (161);Boyyu41;43015@161;04/05/2026 20:35;Deposit;QRIS IM;IDR;45;0;782667311;Approved;
RP1M (G109);RP1M (161);Ansori93;43149@161;04/05/2026 21:24;Deposit;QRIS IM;IDR;100;0;782690478;Approved;
RP1M (G109);RP1M (161);jataintan;19067@161;04/05/2026 21:42;Deposit;QRIS IM;IDR;1000;0;782699870;Approved;
RP1M (G109);RP1M (161);jataintan;19067@161;04/05/2026 21:59;Deposit;QRIS IM;IDR;1000;0;782708950;Approved;
RP1M (G109);RP1M (161);riaadi99;40514@161;04/05/2026 22:01;Deposit;QRIS IM;IDR;25;0;782710506;Approved;
RP1M (G109);RP1M (161);jataintan;19067@161;04/05/2026 22:13;Deposit;QRIS IM;IDR;1000;0;782716985;Approved;
RP1M (G109);RP1M (161);jataintan;19067@161;04/05/2026 22:16;Deposit;QRIS IM;IDR;1000;0;782718980;Approved;
RP1M (G109);RP1M (161);Bustomi11093;21065@161;04/05/2026 22:27;Deposit;QRIS IM;IDR;400;0;782725012;Approved;
RP1M (G109);RP1M (161);everydin69;30527@161;04/05/2026 22:53;Deposit;QRIS IM;IDR;30;0;782741060;Approved;
RP1M (G109);RP1M (161);Steven86;25220@161;04/05/2026 22:58;Deposit;QRIS IM;IDR;47;0;782744345;Approved;
RP1M (G109);RP1M (161);SinzerGear;34975@161;04/06/2026 00:05;Deposit;QRIS IM;IDR;95;0;782786919;Approved;
RP1M (G109);RP1M (161);Irwan1708;41962@161;04/06/2026 01:11;Deposit;QRIS IM;IDR;100;0;782828850;Approved;
RP1M (G109);RP1M (161);ERIKSUDARTa;25225@161;04/06/2026 01:48;Deposit;QRIS IM;IDR;500;0;782851104;Approved;
RP1M (G109);RP1M (161);Nurdin29;39707@161;04/06/2026 02:13;Deposit;QRIS IM;IDR;90;0;782865080;Approved;
RP1M (G109);RP1M (161);Codet4e;38848@161;04/06/2026 02:43;Deposit;QRIS IM;IDR;50;0;782880761;Approved;
RP1M (G109);RP1M (161);miki888;17880@161;04/06/2026 07:54;Deposit;QRIS IM;IDR;2000;0;782965370;Approved;
RP1M (G109);RP1M (161);Suhuslot99;25319@161;04/06/2026 08:35;Deposit;QRIS IM;IDR;30;0;782972337;Approved;
RP1M (G109);RP1M (161);Suhuslot99;25319@161;04/06/2026 08:45;Deposit;QRIS IM;IDR;50;0;782974016;Approved;
RP1M (G109);RP1M (161);Codet4e;38848@161;04/06/2026 08:56;Deposit;QRIS IM;IDR;40;0;782975973;Approved;
RP1M (G109);RP1M (161);Cumicumi99;41074@161;04/06/2026 11:35;Deposit;QRIS IM;IDR;100;0;783015069;Approved;
RP1M (G109);RP1M (161);Maju;42806@161;04/06/2026 11:54;Deposit;QRIS IM;IDR;25;0;783020717;Approved;
RP1M (G109);RP1M (161);maxwin8888;42046@161;04/06/2026 13:01;Deposit;QRIS IM;IDR;40;0;783042529;Approved;
RP1M (G109);RP1M (161);Bustomi96;37120@161;04/06/2026 13:27;Deposit;QRIS IM;IDR;50;0;783052241;Approved;
RP1M (G109);RP1M (161);Suhuslot99;25319@161;04/06/2026 14:25;Deposit;QRIS IM;IDR;50;0;783074269;Approved;
RP1M (G109);RP1M (161);jataintan;19067@161;04/06/2026 14:27;Deposit;QRIS IM;IDR;500;0;783074922;Approved;
RP1M (G109);RP1M (161);batavia22;41801@161;04/06/2026 14:55;Deposit;QRIS IM;IDR;50;0;783085580;Approved;
RP1M (G109);RP1M (161);abongjp;42574@161;04/06/2026 14:58;Deposit;QRIS IM;IDR;200;0;783087012;Approved;
RP1M (G109);RP1M (161);batavia22;41801@161;04/06/2026 15:00;Deposit;QRIS IM;IDR;25;0;783087809;Approved;
RP1M (G109);RP1M (161);Munzakir;39297@161;04/06/2026 15:17;Deposit;QRIS IM;IDR;50;0;783094117;Approved;
RP1M (G109);RP1M (161);jataintan;19067@161;04/06/2026 15:19;Deposit;QRIS IM;IDR;1000;0;783095165;Approved;
RP1M (G109);RP1M (161);ERIKSUDARTa;25225@161;04/06/2026 15:22;Deposit;QRIS IM;IDR;233;0;783096181;Approved;
RP1M (G109);RP1M (161);jataintan;19067@161;04/06/2026 15:28;Deposit;QRIS IM;IDR;1000;0;783098304;Approved;
RP1M (G109);RP1M (161);Nurdin29;39707@161;04/06/2026 15:48;Deposit;QRIS IM;IDR;100;0;783106575;Approved;
RP1M (G109);RP1M (161);Nurdin29;39707@161;04/06/2026 16:02;Deposit;QRIS IM;IDR;100;0;783112210;Approved;
RP1M (G109);RP1M (161);Bustomi96;37120@161;04/06/2026 16:14;Deposit;QRIS IM;IDR;50;0;783116777;Approved;
RP1M (G109);RP1M (161);abongjp;42574@161;04/06/2026 16:15;Deposit;QRIS IM;IDR;300;0;783117230;Approved;
RP1M (G109);RP1M (161);Bustomi96;37120@161;04/06/2026 16:40;Deposit;QRIS IM;IDR;50;0;783127411;Approved;
RP1M (G109);RP1M (161);ERIKSUDARTa;25225@161;04/06/2026 17:18;Deposit;QRIS IM;IDR;150;0;783142840;Approved;
RP1M (G109);RP1M (161);Bustomi96;37120@161;04/06/2026 17:48;Deposit;QRIS IM;IDR;50;0;783155005;Approved;
RP1M (G109);RP1M (161);Nurfadilah;41137@161;04/06/2026 18:14;Deposit;QRIS IM;IDR;30;0;783166381;Approved;
RP1M (G109);RP1M (161);Kunyuk148;43067@161;04/06/2026 18:24;Deposit;QRIS IM;IDR;30;0;783170601;Approved;
RP1M (G109);RP1M (161);Boyyu41;43015@161;04/06/2026 18:53;Deposit;QRIS IM;IDR;50;0;783184012;Approved;
RP1M (G109);RP1M (161);Boyyu41;43015@161;04/06/2026 18:58;Deposit;QRIS IM;IDR;75;0;783186072;Approved;
RP1M (G109);RP1M (161);ERIKSUDARTa;25225@161;04/06/2026 19:22;Deposit;QRIS IM;IDR;550;0;783197177;Approved;
RP1M (G109);RP1M (161);lindamy02;38400@161;04/06/2026 19:49;Deposit;QRIS IM;IDR;75;0;783210001;Approved;
RP1M (G109);RP1M (161);jataintan;19067@161;04/06/2026 21:12;Deposit;QRIS IM;IDR;500;0;783250845;Approved;
RP1M (G109);RP1M (161);jataintan;19067@161;04/06/2026 21:29;Deposit;QRIS IM;IDR;500;0;783260118;Approved;
RP1M (G109);RP1M (161);jataintan;19067@161;04/06/2026 21:46;Deposit;QRIS IM;IDR;1000;0;783269517;Approved;
RP1M (G109);RP1M (161);jataintan;19067@161;04/06/2026 22:23;Deposit;QRIS IM;IDR;1000;0;783291789;Approved;
RP1M (G109);RP1M (161);Adit;38141@161;04/06/2026 22:59;Deposit;QRIS IM;IDR;130;0;783314960;Approved;
RP1M (G109);RP1M (161);abongjp;42574@161;04/06/2026 23:05;Deposit;QRIS IM;IDR;100;0;783319114;Approved;
RP1M (G109);RP1M (161);abongjp;42574@161;04/06/2026 23:13;Deposit;QRIS IM;IDR;200;0;783324087;Approved;
RP1M (G109);RP1M (161);rivalipoy;42272@161;04/07/2026 00:30;Deposit;QRIS IM;IDR;25;0;783376846;Approved;
RP1M (G109);RP1M (161);lindamy02;38400@161;04/07/2026 01:17;Deposit;QRIS IM;IDR;100;0;783408895;Approved;
RP1M (G109);RP1M (161);Rehan999;26363@161;04/07/2026 01:52;Deposit;QRIS IM;IDR;500;0;783430845;Approved;
RP1M (G109);RP1M (161);ERIKSUDARTa;25225@161;04/07/2026 02:37;Deposit;QRIS IM;IDR;150;0;783455714;Approved;
RP1M (G109);RP1M (161);ERIKSUDARTa;25225@161;04/07/2026 03:16;Deposit;QRIS IM;IDR;130;0;783474210;Approved;
RP1M (G109);RP1M (161);miki888;17880@161;04/07/2026 05:44;Deposit;QRIS IM;IDR;3250;0;783524715;Approved;
RP1M (G109);RP1M (161);miki888;17880@161;04/07/2026 07:38;Deposit;QRIS IM;IDR;80;0;783546753;Approved;
RP1M (G109);RP1M (161);Suhuslot99;25319@161;04/07/2026 08:23;Deposit;QRIS IM;IDR;50;0;783554460;Approved;
RP1M (G109);RP1M (161);Suhuslot99;25319@161;04/07/2026 08:45;Deposit;QRIS IM;IDR;50;0;783558642;Approved;
RP1M (G109);RP1M (161);Bil1ay;29782@161;04/07/2026 09:27;Deposit;QRIS IM;IDR;300;0;783567343;Approved;
RP1M (G109);RP1M (161);miki888;17880@161;04/07/2026 09:51;Deposit;QRIS IM;IDR;230;0;783572869;Approved;
RP1M (G109);RP1M (161);miki888;17880@161;04/07/2026 11:53;Deposit;QRIS IM;IDR;430;0;783606052;Approved;
RP1M (G109);RP1M (161);lindamy02;38400@161;04/07/2026 12:18;Deposit;QRIS IM;IDR;101;0;783614411;Approved;
RP1M (G109);RP1M (161);miki888;17880@161;04/07/2026 12:30;Deposit;QRIS IM;IDR;350;0;783618557;Approved;
RP1M (G109);RP1M (161);ERIKSUDARTa;25225@161;04/07/2026 12:50;Deposit;QRIS IM;IDR;150;0;783625548;Approved;
RP1M (G109);RP1M (161);Irwan1708;41962@161;04/07/2026 13:47;Deposit;QRIS IM;IDR;100;0;783647113;Approved;
RP1M (G109);RP1M (161);abongjp;42574@161;04/07/2026 13:48;Deposit;QRIS IM;IDR;200;0;783647419;Approved;
RP1M (G109);RP1M (161);miki888;17880@161;04/07/2026 14:30;Deposit;QRIS IM;IDR;800;0;783663737;Approved;
RP1M (G109);RP1M (161);miki888;17880@161;04/07/2026 15:19;Deposit;QRIS IM;IDR;800;0;783683244;Approved;
RP1M (G109);RP1M (161);Munzakir;39297@161;04/07/2026 15:46;Deposit;QRIS IM;IDR;99;0;783693968;Approved;
RP1M (G109);RP1M (161);Skybye23;24693@161;04/07/2026 16:29;Deposit;QRIS IM;IDR;354;0;783712006;Approved;
RP1M (G109);RP1M (161);SinzerGear;34975@161;04/07/2026 16:33;Deposit;QRIS IM;IDR;95;0;783713845;Approved;
RP1M (G109);RP1M (161);Skybye23;24693@161;04/07/2026 16:39;Deposit;QRIS IM;IDR;400;0;783716456;Approved;
RP1M (G109);RP1M (161);Skybye23;24693@161;04/07/2026 16:46;Deposit;QRIS IM;IDR;1000;0;783719309;Approved;
RP1M (G109);RP1M (161);Skybye23;24693@161;04/07/2026 17:00;Deposit;QRIS IM;IDR;1000;0;783725046;Approved;
RP1M (G109);RP1M (161);Skybye23;24693@161;04/07/2026 17:26;Deposit;QRIS IM;IDR;1000;0;783735623;Approved;
RP1M (G109);RP1M (161);jataintan;19067@161;04/07/2026 17:38;Deposit;QRIS IM;IDR;1000;0;783740548;Approved;
RP1M (G109);RP1M (161);SinzerGear;34975@161;04/07/2026 17:40;Deposit;QRIS IM;IDR;95;0;783741678;Approved;
RP1M (G109);RP1M (161);Skybye23;24693@161;04/07/2026 17:48;Deposit;QRIS IM;IDR;500;0;783744815;Approved;
RP1M (G109);RP1M (161);SinzerGear;34975@161;04/07/2026 17:53;Deposit;QRIS IM;IDR;95;0;783746883;Approved;
RP1M (G109);RP1M (161);Irwan1708;41962@161;04/07/2026 17:53;Deposit;QRIS IM;IDR;100;0;783747022;Approved;
RP1M (G109);RP1M (161);Skybye23;24693@161;04/07/2026 17:55;Deposit;QRIS IM;IDR;500;0;783747862;Approved;
RP1M (G109);RP1M (161);Skybye23;24693@161;04/07/2026 17:59;Deposit;QRIS IM;IDR;450;0;783749287;Approved;
RP1M (G109);RP1M (161);Skybye23;24693@161;04/07/2026 18:07;Deposit;QRIS IM;IDR;250;0;783752994;Approved;
RP1M (G109);RP1M (161);abongjp;42574@161;04/07/2026 18:37;Deposit;QRIS IM;IDR;300;0;783765921;Approved;
RP1M (G109);RP1M (161);jataintan;19067@161;04/07/2026 19:08;Deposit;QRIS IM;IDR;1000;0;783779794;Approved;
RP1M (G109);RP1M (161);Cumicumi99;41074@161;04/07/2026 19:15;Deposit;QRIS IM;IDR;100;0;783783091;Approved;
RP1M (G109);RP1M (161);Cumicumi99;41074@161;04/07/2026 19:25;Deposit;QRIS IM;IDR;100;0;783787964;Approved;
RP1M (G109);RP1M (161);Cumicumi99;41074@161;04/07/2026 19:36;Deposit;QRIS IM;IDR;100;0;783793560;Approved;
RP1M (G109);RP1M (161);Yuki27;42930@161;04/07/2026 19:41;Deposit;QRIS IM;IDR;500;0;783795774;Approved;
RP1M (G109);RP1M (161);jataintan;19067@161;04/07/2026 19:52;Deposit;QRIS IM;IDR;1000;0;783800969;Approved;
RP1M (G109);RP1M (161);miki888;17880@161;04/07/2026 20:15;Deposit;QRIS IM;IDR;1100;0;783812014;Approved;
RP1M (G109);RP1M (161);Cumicumi99;41074@161;04/07/2026 21:19;Deposit;QRIS IM;IDR;100;0;783844040;Approved;
RP1M (G109);RP1M (161);Irwan1708;41962@161;04/07/2026 21:31;Deposit;QRIS IM;IDR;100;0;783850679;Approved;
RP1M (G109);RP1M (161);Munzakir;39297@161;04/07/2026 21:34;Deposit;QRIS IM;IDR;100;0;783852520;Approved;
RP1M (G109);RP1M (161);Kacer80;42981@161;04/07/2026 21:44;Deposit;QRIS IM;IDR;100;0;783858257;Approved;
RP1M (G109);RP1M (161);Kangkung;20837@161;04/07/2026 21:53;Deposit;QRIS IM;IDR;500;0;783863386;Approved;
RP1M (G109);RP1M (161);Cumicumi99;41074@161;04/07/2026 22:12;Deposit;QRIS IM;IDR;100;0;783874616;Approved;
RP1M (G109);RP1M (161);Nurfadilah;41137@161;04/07/2026 22:17;Deposit;QRIS IM;IDR;25;0;783878008;Approved;
RP1M (G109);RP1M (161);Irwan1708;41962@161;04/07/2026 23:04;Deposit;QRIS IM;IDR;100;0;783907520;Approved;
RP1M (G109);RP1M (161);Nurfadilah;41137@161;04/07/2026 23:16;Deposit;QRIS IM;IDR;30;0;783915317;Approved;
RP1M (G109);RP1M (161);jataintan;19067@161;04/08/2026 00:19;Deposit;QRIS IM;IDR;80;0;783958309;Approved;
RP1M (G109);RP1M (161);ERIKSUDARTa;25225@161;04/08/2026 00:22;Deposit;QRIS IM;IDR;440;0;783959799;Approved;
RP1M (G109);RP1M (161);Nurdin29;39707@161;04/08/2026 00:48;Deposit;QRIS IM;IDR;168;0;783977604;Approved;
RP1M (G109);RP1M (161);Munzakir;39297@161;04/08/2026 00:56;Deposit;QRIS IM;IDR;100;0;783983244;Approved;
RP1M (G109);RP1M (161);Semarang888;43170@161;04/08/2026 01:17;Deposit;QRIS IM;IDR;100;0;783996946;Approved;
RP1M (G109);RP1M (161);maxwin8888;42046@161;04/08/2026 01:41;Deposit;QRIS IM;IDR;100;0;784012455;Approved;
RP1M (G109);RP1M (161);Munzakir;39297@161;04/08/2026 03:17;Deposit;QRIS IM;IDR;100;0;784065073;Approved;
RP1M (G109);RP1M (161);Yuki27;42930@161;04/08/2026 03:44;Deposit;QRIS IM;IDR;500;0;784076247;Approved;
RP1M (G109);RP1M (161);Yuki27;42930@161;04/08/2026 03:47;Deposit;QRIS IM;IDR;500;0;784077301;Approved;
RP1M (G109);RP1M (161);Yuki27;42930@161;04/08/2026 04:06;Deposit;QRIS IM;IDR;500;0;784085178;Approved;
RP1M (G109);RP1M (161);Yuki27;42930@161;04/08/2026 04:11;Deposit;QRIS IM;IDR;500;0;784086801;Approved;
RP1M (G109);RP1M (161);Yuki27;42930@161;04/08/2026 04:13;Deposit;QRIS IM;IDR;500;0;784087438;Approved;
RP1M (G109);RP1M (161);Hoki10;35419@161;04/08/2026 05:16;Deposit;QRIS IM;IDR;150;0;784107019;Approved;
RP1M (G109);RP1M (161);miki888;17880@161;04/08/2026 06:28;Deposit;QRIS IM;IDR;1100;0;784124377;Approved;
RP1M (G109);RP1M (161);ERIKSUDARTa;25225@161;04/08/2026 07:52;Deposit;QRIS IM;IDR;500;0;784139908;Approved;
RP1M (G109);RP1M (161);Maju;42806@161;04/08/2026 10:40;Deposit;QRIS IM;IDR;50;0;784176334;Approved;
RP1M (G109);RP1M (161);Kenzoo;43163@161;04/08/2026 11:46;Deposit;QRIS IM;IDR;41;0;784196175;Approved;
RP1M (G109);RP1M (161);Virgoo16;43175@161;04/08/2026 11:48;Deposit;QRIS IM;IDR;25;0;784196643;Approved;
RP1M (G109);RP1M (161);ERIKSUDARTa;25225@161;04/08/2026 12:30;Deposit;QRIS IM;IDR;300;0;784210322;Approved;
RP1M (G109);RP1M (161);jataintan;19067@161;04/08/2026 13:01;Deposit;QRIS IM;IDR;500;0;784220704;Approved;
RP1M (G109);RP1M (161);ERIKSUDARTa;25225@161;04/08/2026 13:08;Deposit;QRIS IM;IDR;500;0;784223325;Approved;
RP1M (G109);RP1M (161);Munzakir;39297@161;04/08/2026 13:12;Deposit;QRIS IM;IDR;50;0;784224903;Approved;
RP1M (G109);RP1M (161);maxwin8888;42046@161;04/08/2026 13:13;Deposit;QRIS IM;IDR;100;0;784225211;Approved;
RP1M (G109);RP1M (161);Cumicumi99;41074@161;04/08/2026 14:00;Deposit;QRIS IM;IDR;100;0;784243217;Approved;
RP1M (G109);RP1M (161);Cumicumi99;41074@161;04/08/2026 14:08;Deposit;QRIS IM;IDR;100;0;784246182;Approved;
RP1M (G109);RP1M (161);Kuaci123;37225@161;04/08/2026 16:18;Deposit;QRIS IM;IDR;100;0;784297545;Approved;
RP1M (G109);RP1M (161);Kuaci123;37225@161;04/08/2026 16:33;Deposit;QRIS IM;IDR;100;0;784303594;Approved;
RP1M (G109);RP1M (161);jataintan;19067@161;04/08/2026 17:13;Deposit;QRIS IM;IDR;500;0;784320175;Approved;
RP1M (G109);RP1M (161);Sarok123;38093@161;04/08/2026 17:33;Deposit;QRIS IM;IDR;99;0;784328172;Approved;
RP1M (G109);RP1M (161);jataintan;19067@161;04/08/2026 17:36;Deposit;QRIS IM;IDR;1000;0;784329481;Approved;
RP1M (G109);RP1M (161);Irwan1708;41962@161;04/08/2026 17:49;Deposit;QRIS IM;IDR;100;0;784335181;Approved;
RP1M (G109);RP1M (161);jataintan;19067@161;04/08/2026 17:52;Deposit;QRIS IM;IDR;500;0;784336406;Approved;
RP1M (G109);RP1M (161);Irwan1708;41962@161;04/08/2026 18:09;Deposit;QRIS IM;IDR;100;0;784343429;Approved;
RP1M (G109);RP1M (161);jataintan;19067@161;04/08/2026 18:32;Deposit;QRIS IM;IDR;500;0;784353348;Approved;
RP1M (G109);RP1M (161);jataintan;19067@161;04/08/2026 19:04;Deposit;QRIS IM;IDR;500;0;784367520;Approved;
RP1M (G109);RP1M (161);Irwan1708;41962@161;04/08/2026 19:35;Deposit;QRIS IM;IDR;100;0;784382237;Approved;
RP1M (G109);RP1M (161);kinglynx;23196@161;04/08/2026 19:45;Deposit;QRIS IM;IDR;60;0;784386865;Approved;
RP1M (G109);RP1M (161);Suhuslot99;25319@161;04/08/2026 20:10;Deposit;QRIS IM;IDR;35;0;784398770;Approved;
RP1M (G109);RP1M (161);riaadi99;40514@161;04/08/2026 20:16;Deposit;QRIS IM;IDR;48;0;784401677;Approved;
RP1M (G109);RP1M (161);Irwan1708;41962@161;04/08/2026 21:12;Deposit;QRIS IM;IDR;125;0;784430897;Approved;
RP1M (G109);RP1M (161);ERIKSUDARTa;25225@161;04/08/2026 21:32;Deposit;QRIS IM;IDR;500;0;784442812;Approved;
RP1M (G109);RP1M (161);Kuaci123;37225@161;04/08/2026 21:39;Deposit;QRIS IM;IDR;100;0;784446997;Approved;
RP1M (G109);RP1M (161);Irwan1708;41962@161;04/08/2026 22:11;Deposit;QRIS IM;IDR;125;0;784465849;Approved;
RP1M (G109);RP1M (161);G4tok;42043@161;04/08/2026 23:17;Deposit;QRIS IM;IDR;27;0;784507922;Approved;
RP1M (G109);RP1M (161);jataintan;19067@161;04/09/2026 00:02;Deposit;QRIS IM;IDR;500;0;784538504;Approved;
RP1M (G109);RP1M (161);jataintan;19067@161;04/09/2026 00:20;Deposit;QRIS IM;IDR;500;0;784550131;Approved;
RP1M (G109);RP1M (161);Irwan1708;41962@161;04/09/2026 00:21;Deposit;QRIS IM;IDR;125;0;784550962;Approved;
RP1M (G109);RP1M (161);ERIKSUDARTa;25225@161;04/09/2026 00:24;Deposit;QRIS IM;IDR;69;0;784553233;Approved;
RP1M (G109);RP1M (161);jataintan;19067@161;04/09/2026 00:27;Deposit;QRIS IM;IDR;500;0;784555570;Approved;
RP1M (G109);RP1M (161);jataintan;19067@161;04/09/2026 00:36;Deposit;QRIS IM;IDR;1000;0;784561581;Approved;
RP1M (G109);RP1M (161);jataintan;19067@161;04/09/2026 00:49;Deposit;QRIS IM;IDR;1000;0;784570615;Approved;
RP1M (G109);RP1M (161);jataintan;19067@161;04/09/2026 01:18;Deposit;QRIS IM;IDR;1000;0;784589773;Approved;
RP1M (G109);RP1M (161);Irwan1708;41962@161;04/09/2026 01:24;Deposit;QRIS IM;IDR;100;0;784594047;Approved;
RP1M (G109);RP1M (161);jataintan;19067@161;04/09/2026 01:52;Deposit;QRIS IM;IDR;1000;0;784611853;Approved;
RP1M (G109);RP1M (161);ERIKSUDARTa;25225@161;04/09/2026 02:09;Deposit;QRIS IM;IDR;500;0;784622116;Approved;
RP1M (G109);RP1M (161);Yuki27;42930@161;04/09/2026 03:56;Deposit;QRIS IM;IDR;400;0;784673958;Approved;
RP1M (G109);RP1M (161);Yuki27;42930@161;04/09/2026 04:02;Deposit;QRIS IM;IDR;500;0;784676545;Approved;
RP1M (G109);RP1M (161);G4tok;42043@161;04/09/2026 05:56;Deposit;QRIS IM;IDR;50;0;784710384;Approved;
RP1M (G109);RP1M (161);ERIKSUDARTa;25225@161;04/09/2026 09:03;Deposit;QRIS IM;IDR;150;0;784746673;Approved;
RP1M (G109);RP1M (161);miki888;17880@161;04/09/2026 09:14;Deposit;QRIS IM;IDR;500;0;784749291;Approved;
RP1M (G109);RP1M (161);jataintan;19067@161;04/09/2026 10:14;Deposit;QRIS IM;IDR;1000;0;784763875;Approved;
RP1M (G109);RP1M (161);jataintan;19067@161;04/09/2026 10:23;Deposit;QRIS IM;IDR;1200;0;784766112;Approved;
RP1M (G109);RP1M (161);jataintan;19067@161;04/09/2026 10:34;Deposit;QRIS IM;IDR;1000;0;784769267;Approved;
RP1M (G109);RP1M (161);jataintan;19067@161;04/09/2026 10:48;Deposit;QRIS IM;IDR;1000;0;784773061;Approved;
RP1M (G109);RP1M (161);maxwin8888;42046@161;04/09/2026 11:00;Deposit;QRIS IM;IDR;500;0;784776430;Approved;
RP1M (G109);RP1M (161);jataintan;19067@161;04/09/2026 11:26;Deposit;QRIS IM;IDR;800;0;784783900;Approved;
RP1M (G109);RP1M (161);Yuki27;42930@161;04/09/2026 11:38;Deposit;QRIS IM;IDR;500;0;784787641;Approved;
RP1M (G109);RP1M (161);Yuki27;42930@161;04/09/2026 11:40;Deposit;QRIS IM;IDR;500;0;784788108;Approved;
